"Message",Low,"Запуск компиляции .NET Native"
"Message",Low,""
"Message",Low,""
"Message",Low,"Задача ""Gatekeeper"""
"Message",Normal,"Идет запуск ""C:\Program Files (x86)\Microsoft SDKs\UWPNuGetPackages\runtime.win10-x86.microsoft.net.native.compiler\2.2.10-rel-29722-00\tools\x86\ilc\ilc.exe --gatekeeper @""D:\ukw\semestr 4\Technologie mobilne i rozproszone\waluty\obj\x86\Release\ilc\intermediate\gkargs.rsp""""."
"Message",Low,"�ਢ�⭨� Microsoft (R) .NET Native ���ᨨ 2.2.29722.00 "
"Message",Low,"Copyright (C) Microsoft Corporation.  All rights reserved. "
"Message",Low," "
"Message",Low,"���� �஢�ઠ ᡮન ""D:\ukw\semestr 4\Technologie mobilne i rozproszone\waluty\obj\x86\Release\ilc\in\HtmlAgilityPack.dll"". "
"Message",Low,"���� �஢�ઠ ᡮન ""D:\ukw\semestr 4\Technologie mobilne i rozproszone\waluty\obj\x86\Release\ilc\in\waluty.exe"". "
"Message",Normal,"Задача ""C:\Program Files (x86)\Microsoft SDKs\UWPNuGetPackages\runtime.win10-x86.microsoft.net.native.compiler\2.2.10-rel-29722-00\tools\x86\ilc\ilc.exe --gatekeeper @""D:\ukw\semestr 4\Technologie mobilne i rozproszone\waluty\obj\x86\Release\ilc\intermediate\gkargs.rsp"""" завершена."
"Message",Normal,"Статистика выполнения процессов (все значения в миллисекундах)"
"Message",Normal,"-----------------------------------------------------------------------------"
"Message",Normal,"запустить  |  начать   |   остановить   |   завершить    | длительность | время существования | имя [слот]"
"Message",Normal,"-----------------------------------------------------------------------------"
"Message",Normal,"       0 |       16 |      266 |      407 |      250 |      407 | [0] Gatekeeper"
"Message",Normal,"Число команд:      1"
"Message",Normal,"Общее системное время:       407 мс"
"Message",Normal,"Системное время на команду: 407 мс"
"Message",Normal,"Общая длительность:          250 мс"
"Message",Normal,"Общее время жизни:          407 мс"
"Message",Normal,"Запрошенный DOP:           16"
"Message",Normal,"Длительность DOP:            0,6"
"Message",Normal,"Время жизни DOP:            1,0"
"Message",Low,"Выполнение задачи ""Gatekeeper"" завершено."
"Message",Low,"Сборка целевого объекта ""RunGatekeeper"" в файле ""Preparation"" завершена."
"Message",Low,""
"Message",Low,"Сборка целевого объекта ""CreateToolchainGeneratedAssembly"" в файле ""Preparation"" завершена."
"Message",Low,""
"Message",Low,"Задача ""PreMergeAssemblyClosure"""
"Message",Low,"Выполнение задачи ""PreMergeAssemblyClosure"" завершено."
"Message",Low,"Сборка целевого объекта ""ConstructPreMergeAssemblyClosure"" в файле ""Preparation"" завершена."
"Message",Low,""
"Message",Low,"Задача ""McgReferenceResolveFilePath"""
"Message",Low,"Выполнение задачи ""McgReferenceResolveFilePath"" завершено."
"Message",Low,"Сборка целевого объекта ""PreResolveTransforms"" в файле ""Preparation"" завершена."
"Message",Low,""
"Message",Low,"Задача ""ResolveToolchainRequiredAssemblyRoots"""
"Message",Low,"Выполнение задачи ""ResolveToolchainRequiredAssemblyRoots"" завершено."
"Message",Low,"Задача ""ILTransformAssemblyClosure"""
"Message",Low,"Выполнение задачи ""ILTransformAssemblyClosure"" завершено."
"Message",Low,"Задача ""ResolveToolchainRequiredAssemblyRoots"""
"Message",Low,"Выполнение задачи ""ResolveToolchainRequiredAssemblyRoots"" завершено."
"Message",Low,"Задача ""ReducedCopyAssemblyClosure"""
"Message",Low,"Выполнение задачи ""ReducedCopyAssemblyClosure"" завершено."
"Message",Low,"Сборка целевого объекта ""ConstructILTransformAssemblyClosure"" в файле ""Preparation"" завершена."
"Message",Low,"Сборка проекта ""Preparation"" завершена."
"Message",Low,""
"Message",Low,""
"Message",High,"Обработка кода приложения"
"Message",Low,"Задача ""RunILTransforms"""
"Message",Normal,"Выполняется преобразование ""DumpNativeResources"", размер кучи — 141 МБ."
"Message",Normal,"Выполняется преобразование ""Analysis"", размер кучи — 156 МБ."
"Message",Low,"Идет загрузка модулей (89)..."
"Message",Normal,"Импортированы директивы отражений из нескольких файлов (10):"
"Message",Normal,"D:\ukw\semestr 4\Technologie mobilne i rozproszone\waluty\obj\x86\Release\ilc\in\Properties\Default.rd.xml"
"Message",Normal,"Встроенный манифест System.Private.Interop: Resources.System.Private.Interop.rd.xml"
"Message",Normal,"Встроенный манифест System.Private.WinRTInterop.CoreLib: Resources.System.Private.WinRTInterop.CoreLib.rd.xml"
"Message",Normal,"Встроенный манифест System.Runtime.WindowsRuntime.UI.Xaml: Resources.System.Runtime.WindowsRuntime.UI.Xaml.rd.xml"
"Message",Normal,"Встроенный манифест System.Private.CoreLib: Resources.System.Private.CoreLib.rd.xml"
"Message",Normal,"Встроенный манифест System.Private.Uri: Resources.System.Private.Uri.rd.xml"
"Message",Normal,"Встроенный манифест System.Private.Reflection.Core: System.Private.Reflection.Core.rd.xml"
"Message",Normal,"Встроенный манифест System.Net.Primitives: Resources.System.Net.Primitives.rd.xml"
"Message",Normal,"Встроенный манифест System.Private.Xml: System.Xml.Resources.System.Private.Xml.rd.xml"
"Message",Normal,"Встроенный манифест System.Linq.Expressions: System.Linq.Expressions.Resources.System.Linq.Expressions.rd.xml"
"Message",Normal,"Импортированы корни XAML из нескольких файлов (1):"
"Message",Normal,"D:\ukw\semestr 4\Technologie mobilne i rozproszone\waluty\obj\x86\Release\ilc\in\waluty.xr.xml"
"Message",Normal,"Выполняется преобразование ""Mcg"", размер кучи — 233 МБ."
"Message",High,"Идет вычисление закрытия приложения и создание кода взаимодействия"
"Message",High,"  Идет загрузка модулей (89)..."
"Message",Normal,"          P/Invoke ""RhpGetFuncEvalParameterBufferSize"" с [DllImport(ExactSpelling=true)] разрешен как ""[MRT]!RhpGetFuncEvalParameterBufferSize""."
"Message",Normal,"          P/Invoke ""RhpGetFuncEvalMode"" с [DllImport(ExactSpelling=true)] разрешен как ""[MRT]!RhpGetFuncEvalMode""."
"Message",Normal,"          P/Invoke ""RhpRecordDebuggeeInitiatedHandle"" с [DllImport(ExactSpelling=true)] разрешен как ""[MRT]!RhpRecordDebuggeeInitiatedHandle""."
"Message",Normal,"          P/Invoke ""RhpVerifyDebuggerCleanup"" с [DllImport(ExactSpelling=true)] разрешен как ""[MRT]!RhpVerifyDebuggerCleanup""."
"Message",Normal,"          P/Invoke ""RhpGetCurrentThread"" с [DllImport(ExactSpelling=true)] разрешен как ""[MRT]!RhpGetCurrentThread""."
"Message",Normal,"          P/Invoke ""RhWaitForPendingFinalizers"" с [DllImport(ExactSpelling=true)] разрешен как ""[MRT]!RhWaitForPendingFinalizers""."
"Message",Normal,"          P/Invoke ""RhYield"" с [DllImport(ExactSpelling=true)] разрешен как ""[MRT]!RhYield""."
"Message",Normal,"          P/Invoke ""RhFlushProcessWriteBuffers"" с [DllImport(ExactSpelling=true)] разрешен как ""[MRT]!RhFlushProcessWriteBuffers""."
"Message",Normal,"          P/Invoke ""RhCompatibleReentrantWaitAny"" с [DllImport(ExactSpelling=true)] разрешен как ""[MRT]!RhCompatibleReentrantWaitAny""."
"Message",Normal,"          P/Invoke ""RhCallDescrWorker"" с [DllImport(ExactSpelling=true)] разрешен как ""[MRT]!RhCallDescrWorker""."
"Message",Normal,"          P/Invoke ""_ecvt_s"" с [DllImport(ExactSpelling=true)] разрешен как ""[MRT]!_ecvt_s""."
"Message",Normal,"          P/Invoke ""memmove"" с [DllImport(ExactSpelling=true)] разрешен как ""[MRT]!memmove""."
"Message",Normal,"          P/Invoke ""memset"" с [DllImport(ExactSpelling=true)] разрешен как ""[MRT]!memset""."
"Message",Normal,"          P/Invoke ""CallingConventionConverter_GetStubs"" с [DllImport(ExactSpelling=true)] разрешен как ""*!CallingConventionConverter_GetStubs""."
"Message",Normal,"          Метод P/Invoke ""WindowsCreateStringReference"" разрешен как ""WindowsCreateStringReference!api-ms-win-core-winrt-string-l1-1-0.dll"" из ""SupportedAPIs.xml""."
"Message",Normal,"          Метод P/Invoke ""GetLastError"" разрешен как ""GetLastError!api-ms-win-core-errorhandling-l1-1-0.dll"" из ""SupportedAPIs.xml""."
"Message",Normal,"          Метод P/Invoke ""SetLastError"" разрешен как ""SetLastError!api-ms-win-core-errorhandling-l1-1-0.dll"" из ""SupportedAPIs.xml""."
"Message",Normal,"          Метод P/Invoke ""RoInitialize"" разрешен как ""RoInitialize!api-ms-win-core-winrt-l1-1-0.dll"" из ""SupportedAPIs.xml""."
"Message",Normal,"          Метод P/Invoke ""IsValidLocaleName"" разрешен как ""IsValidLocaleName!api-ms-win-core-localization-l1-2-0.dll"" из ""SupportedAPIs.xml""."
"Message",Normal,"          Метод P/Invoke ""ResolveLocaleName"" разрешен как ""ResolveLocaleName!api-ms-win-core-localization-l1-2-0.dll"" из ""SupportedAPIs.xml""."
"Message",Normal,"          Метод P/Invoke ""CertDuplicateCertificateContext"" разрешен как ""CertDuplicateCertificateContext!crypt32.dll"" из ""SupportedAPIs.xml""."
"Message",Normal,"          Метод P/Invoke ""CertGetCertificateContextProperty"" разрешен как ""CertGetCertificateContextProperty!crypt32.dll"" из ""SupportedAPIs.xml""."
"Message",Normal,"          Метод P/Invoke ""SetFileAttributesW"" разрешен как ""SetFileAttributesW!kernel32.dll"" из ""SupportedAPIs.xml""."
"Message",Normal,"          Метод P/Invoke ""CreateDirectoryW"" разрешен как ""CreateDirectoryW!kernel32.dll"" из ""SupportedAPIs.xml""."
"Message",Normal,"          Метод P/Invoke ""SetFileInformationByHandle"" разрешен как ""SetFileInformationByHandle!kernel32.dll"" из ""SupportedAPIs.xml""."
"Message",Normal,"          Метод P/Invoke ""CloseHandle"" разрешен как ""CloseHandle!kernel32.dll"" из ""SupportedAPIs.xml""."
"Message",Normal,"          Метод P/Invoke ""GetCPInfoExW"" разрешен как ""GetCPInfoExW!kernel32.dll"" из ""SupportedAPIs.xml""."
"Message",Normal,"          Метод P/Invoke ""CryptQueryObject"" разрешен как ""CryptQueryObject!crypt32.dll"" из ""SupportedAPIs.xml""."
"Message",Normal,"          Метод P/Invoke ""CertDuplicateCertificateContext"" разрешен как ""CertDuplicateCertificateContext!crypt32.dll"" из ""SupportedAPIs.xml""."
"Message",Normal,"          Метод P/Invoke ""SetThreadErrorMode"" разрешен как ""SetThreadErrorMode!kernel32.dll"" из ""SupportedAPIs.xml""."
"Message",Normal,"          Метод P/Invoke ""GetFileAttributesExW"" разрешен как ""GetFileAttributesExW!kernel32.dll"" из ""SupportedAPIs.xml""."
"Message",Normal,"          Метод P/Invoke ""FindFirstFileExW"" разрешен как ""FindFirstFileExW!kernel32.dll"" из ""SupportedAPIs.xml""."
"Message",Normal,"          Метод P/Invoke ""CopyFileExW"" разрешен как ""CopyFileExW!kernel32.dll"" из ""SupportedAPIs.xml""."
"Message",Normal,"          Метод P/Invoke ""CreateFile2"" разрешен как ""CreateFile2!kernel32.dll"" из ""SupportedAPIs.xml""."
"Message",Normal,"          Метод P/Invoke ""CertFreeCertificateContext"" разрешен как ""CertFreeCertificateContext!crypt32.dll"" из ""SupportedAPIs.xml""."
"Message",Normal,"          Метод P/Invoke ""CryptMsgGetParam"" разрешен как ""CryptMsgGetParam!crypt32.dll"" из ""SupportedAPIs.xml""."
"Message",Normal,"          Метод P/Invoke ""CryptMsgGetParam"" разрешен как ""CryptMsgGetParam!crypt32.dll"" из ""SupportedAPIs.xml""."
"Message",Normal,"          Метод P/Invoke ""PFXImportCertStore"" разрешен как ""PFXImportCertStore!crypt32.dll"" из ""SupportedAPIs.xml""."
"Message",Normal,"          Метод P/Invoke ""CryptFindOIDInfo"" разрешен как ""CryptFindOIDInfo!crypt32.dll"" из ""SupportedAPIs.xml""."
"Message",Normal,"          Метод P/Invoke ""CoCreateInstance"" разрешен как ""CoCreateInstance!api-ms-win-core-com-l1-1-0.dll"" из ""SupportedAPIs.xml""."
"Message",Normal,"          Метод P/Invoke ""CertGetCertificateContextProperty"" разрешен как ""CertGetCertificateContextProperty!crypt32.dll"" из ""SupportedAPIs.xml""."
"Message",Normal,"          Метод P/Invoke ""CertCloseStore"" разрешен как ""CertCloseStore!crypt32.dll"" из ""SupportedAPIs.xml""."
"Message",Normal,"          Метод P/Invoke ""CryptMsgClose"" разрешен как ""CryptMsgClose!crypt32.dll"" из ""SupportedAPIs.xml""."
"Message",Normal,"          Метод P/Invoke ""FindClose"" разрешен как ""FindClose!kernel32.dll"" из ""SupportedAPIs.xml""."
"Message",Normal,"          Метод P/Invoke ""CertFindCertificateInStore"" разрешен как ""CertFindCertificateInStore!crypt32.dll"" из ""SupportedAPIs.xml""."
"Message",Normal,"          Метод P/Invoke ""CryptAcquireContextW"" разрешен как ""CryptAcquireContextW!advapi32.dll"" из ""SupportedAPIs.xml""."
"Message",Normal,"          Метод P/Invoke ""CertEnumCertificatesInStore"" разрешен как ""CertEnumCertificatesInStore!crypt32.dll"" из ""SupportedAPIs.xml""."
"Message",Normal,"          Метод P/Invoke ""WSAGetOverlappedResult"" разрешен как ""WSAGetOverlappedResult!ws2_32.dll"" из ""SupportedAPIs.xml""."
"Message",Normal,"          Метод P/Invoke ""SysFreeString"" разрешен как ""SysFreeString!OleAut32"" из ""SupportedAPIs.xml""."
"Message",Normal,"          Метод P/Invoke ""CertGetNameStringW"" разрешен как ""CertGetNameStringW!crypt32.dll"" из ""SupportedAPIs.xml""."
"Message",Normal,"          Метод P/Invoke ""FormatMessageW"" разрешен как ""FormatMessageW!kernel32.dll"" из ""SupportedAPIs.xml""."
"Message",Normal,"          Метод P/Invoke ""FormatMessageW"" разрешен как ""FormatMessageW!kernel32.dll"" из ""SupportedAPIs.xml""."
"Message",Normal,"          Метод P/Invoke ""CertGetNameStringW"" разрешен как ""CertGetNameStringW!crypt32.dll"" из ""SupportedAPIs.xml""."
"Message",Normal,"          Метод P/Invoke ""NCryptOpenKey"" разрешен как ""NCryptOpenKey!ncrypt.dll"" из ""SupportedAPIs.xml""."
"Message",Normal,"          Метод P/Invoke ""CryptGetKeyParam"" разрешен как ""CryptGetKeyParam!advapi32.dll"" из ""SupportedAPIs.xml""."
"Message",Normal,"          Метод P/Invoke ""setsockopt"" разрешен как ""setsockopt!ws2_32.dll"" из ""SupportedAPIs.xml""."
"Message",Normal,"          Метод P/Invoke ""setsockopt"" разрешен как ""setsockopt!ws2_32.dll"" из ""SupportedAPIs.xml""."
"Message",Normal,"          Метод P/Invoke ""CryptFindOIDInfo"" разрешен как ""CryptFindOIDInfo!crypt32.dll"" из ""SupportedAPIs.xml""."
"Message",Normal,"          Метод P/Invoke ""NCryptDeleteKey"" разрешен как ""NCryptDeleteKey!ncrypt.dll"" из ""SupportedAPIs.xml""."
"Message",Normal,"          Метод P/Invoke ""NCryptOpenStorageProvider"" разрешен как ""NCryptOpenStorageProvider!ncrypt.dll"" из ""SupportedAPIs.xml""."
"Message",Normal,"          Метод P/Invoke ""CertGetCertificateChain"" разрешен как ""CertGetCertificateChain!crypt32.dll"" из ""SupportedAPIs.xml""."
"Message",Normal,"          Метод P/Invoke ""CryptGetDefaultProviderW"" разрешен как ""CryptGetDefaultProviderW!advapi32.dll"" из ""SupportedAPIs.xml""."
"Message",Normal,"          Метод P/Invoke ""CryptAcquireContextW"" разрешен как ""CryptAcquireContextW!advapi32.dll"" из ""SupportedAPIs.xml""."
"Message",Normal,"          Метод P/Invoke ""CryptGetUserKey"" разрешен как ""CryptGetUserKey!advapi32.dll"" из ""SupportedAPIs.xml""."
"Message",Normal,"          Метод P/Invoke ""GetNetworkParams"" разрешен как ""GetNetworkParams!iphlpapi.dll"" из ""SupportedAPIs.xml""."
"Message",Normal,"          Метод P/Invoke ""LocalAlloc"" разрешен как ""LocalAlloc!kernel32.dll"" из ""SupportedAPIs.xml""."
"Message",Normal,"          Метод P/Invoke ""CertVerifyCertificateChainPolicy"" разрешен как ""CertVerifyCertificateChainPolicy!crypt32.dll"" из ""SupportedAPIs.xml""."
"Message",Normal,"          Метод P/Invoke ""CertNameToStrW"" разрешен как ""CertNameToStrW!crypt32.dll"" из ""SupportedAPIs.xml""."
"Message",Normal,"          Метод P/Invoke ""CryptFormatObject"" разрешен как ""CryptFormatObject!crypt32.dll"" из ""SupportedAPIs.xml""."
"Message",Normal,"          Метод P/Invoke ""CertAddCertificateLinkToStore"" разрешен как ""CertAddCertificateLinkToStore!crypt32.dll"" из ""SupportedAPIs.xml""."
"Message",Normal,"          Метод P/Invoke ""CryptGetProvParam"" разрешен как ""CryptGetProvParam!advapi32.dll"" из ""SupportedAPIs.xml""."
"Message",Normal,"          Метод P/Invoke ""CryptDestroyKey"" разрешен как ""CryptDestroyKey!advapi32.dll"" из ""SupportedAPIs.xml""."
"Message",Normal,"          Метод P/Invoke ""CryptFormatObject"" разрешен как ""CryptFormatObject!crypt32.dll"" из ""SupportedAPIs.xml""."
"Message",Normal,"          Метод P/Invoke ""LocalFree"" разрешен как ""LocalFree!kernel32.dll"" из ""SupportedAPIs.xml""."
"Message",Normal,"          Метод P/Invoke ""CertOpenStore"" разрешен как ""CertOpenStore!crypt32.dll"" из ""SupportedAPIs.xml""."
"Message",Normal,"          Метод P/Invoke ""CryptImportPublicKeyInfoEx2"" разрешен как ""CryptImportPublicKeyInfoEx2!crypt32.dll"" из ""SupportedAPIs.xml""."
"Message",Normal,"          Метод P/Invoke ""BCryptExportKey"" разрешен как ""BCryptExportKey!BCrypt.dll"" из ""SupportedAPIs.xml""."
"Message",Normal,"          Метод P/Invoke ""CryptDecodeObject"" разрешен как ""CryptDecodeObject!crypt32.dll"" из ""SupportedAPIs.xml""."
"Message",Normal,"          Метод P/Invoke ""CertFreeCertificateChain"" разрешен как ""CertFreeCertificateChain!crypt32.dll"" из ""SupportedAPIs.xml""."
"Message",Normal,"          Метод P/Invoke ""CryptReleaseContext"" разрешен как ""CryptReleaseContext!advapi32.dll"" из ""SupportedAPIs.xml""."
"Message",Normal,"          Метод P/Invoke ""NCryptFreeObject"" разрешен как ""NCryptFreeObject!ncrypt.dll"" из ""SupportedAPIs.xml""."
"Message",Normal,"          Метод P/Invoke ""CertControlStore"" разрешен как ""CertControlStore!crypt32.dll"" из ""SupportedAPIs.xml""."
"Message",Normal,"          Метод P/Invoke ""FormatMessageW"" разрешен как ""FormatMessageW!kernel32.dll"" из ""SupportedAPIs.xml""."
"Message",Normal,"          Метод P/Invoke ""BCryptGetProperty"" разрешен как ""BCryptGetProperty!BCrypt.dll"" из ""SupportedAPIs.xml""."
"Message",Normal,"          Метод P/Invoke ""NCryptImportKey"" разрешен как ""NCryptImportKey!ncrypt.dll"" из ""SupportedAPIs.xml""."
"Message",Normal,"          Метод P/Invoke ""NCryptGetProperty"" разрешен как ""NCryptGetProperty!ncrypt.dll"" из ""SupportedAPIs.xml""."
"Message",Normal,"          Метод P/Invoke ""CryptImportKey"" разрешен как ""CryptImportKey!advapi32.dll"" из ""SupportedAPIs.xml""."
"Message",Normal,"          Метод P/Invoke ""CryptSetProvParam"" разрешен как ""CryptSetProvParam!advapi32.dll"" из ""SupportedAPIs.xml""."
"Message",Normal,"          Метод P/Invoke ""BCryptGenRandom"" разрешен как ""BCryptGenRandom!BCrypt.dll"" из ""SupportedAPIs.xml""."
"Message",Normal,"          Метод P/Invoke ""RoGetBufferMarshaler"" разрешен как ""RoGetBufferMarshaler!api-ms-win-core-winrt-robuffer-l1-1-0.dll"" из ""SupportedAPIs.xml""."
"Message",Normal,"          Метод P/Invoke ""BCryptDestroyKey"" разрешен как ""BCryptDestroyKey!BCrypt.dll"" из ""SupportedAPIs.xml""."
"Message",Normal,"          Метод P/Invoke ""FormatMessageW"" разрешен как ""FormatMessageW!kernel32.dll"" из ""SupportedAPIs.xml""."
"Message",Normal,"          Метод P/Invoke ""NCryptSetProperty"" разрешен как ""NCryptSetProperty!ncrypt.dll"" из ""SupportedAPIs.xml""."
"Message",Normal,"          Метод P/Invoke ""CryptDecodeObject"" разрешен как ""CryptDecodeObject!crypt32.dll"" из ""SupportedAPIs.xml""."
"Message",Normal,"          Метод P/Invoke ""CryptSetProvParam"" разрешен как ""CryptSetProvParam!advapi32.dll"" из ""SupportedAPIs.xml""."
"Message",Normal,"          Метод P/Invoke ""FormatMessageW"" разрешен как ""FormatMessageW!kernel32.dll"" из ""SupportedAPIs.xml""."
"Message",Normal,"          Метод P/Invoke ""CertFindExtension"" разрешен как ""CertFindExtension!crypt32.dll"" из ""SupportedAPIs.xml""."
"Message",Normal,"          Метод P/Invoke ""CertGetValidUsages"" разрешен как ""CertGetValidUsages!crypt32.dll"" из ""SupportedAPIs.xml""."
"Message",Normal,"          Метод P/Invoke ""CertGetIntendedKeyUsage"" разрешен как ""CertGetIntendedKeyUsage!crypt32.dll"" из ""SupportedAPIs.xml""."
"Message",Normal,"          Метод P/Invoke ""CryptFindOIDInfo"" разрешен как ""CryptFindOIDInfo!crypt32.dll"" из ""SupportedAPIs.xml""."
"Message",Normal,"          Метод P/Invoke ""CryptGenKey"" разрешен как ""CryptGenKey!advapi32.dll"" из ""SupportedAPIs.xml""."
"Message",Normal,"          Метод P/Invoke ""CertVerifyTimeValidity"" разрешен как ""CertVerifyTimeValidity!crypt32.dll"" из ""SupportedAPIs.xml""."
"Message",Normal,"          Метод P/Invoke ""BCryptCreateHash"" разрешен как ""BCryptCreateHash!BCrypt.dll"" из ""SupportedAPIs.xml""."
"Message",Normal,"          Метод P/Invoke ""BCryptGetProperty"" разрешен как ""BCryptGetProperty!BCrypt.dll"" из ""SupportedAPIs.xml""."
"Message",Normal,"          Метод P/Invoke ""FormatMessageW"" разрешен как ""FormatMessageW!kernel32.dll"" из ""SupportedAPIs.xml""."
"Message",Normal,"          Метод P/Invoke ""BCryptOpenAlgorithmProvider"" разрешен как ""BCryptOpenAlgorithmProvider!BCrypt.dll"" из ""SupportedAPIs.xml""."
"Message",Normal,"          Метод P/Invoke ""BCryptCloseAlgorithmProvider"" разрешен как ""BCryptCloseAlgorithmProvider!BCrypt.dll"" из ""SupportedAPIs.xml""."
"Message",Normal,"          Метод P/Invoke ""BCryptDestroyHash"" разрешен как ""BCryptDestroyHash!BCrypt.dll"" из ""SupportedAPIs.xml""."
"Message",Normal,"          Метод P/Invoke ""getsockname"" разрешен как ""getsockname!ws2_32.dll"" из ""SupportedAPIs.xml""."
"Message",Normal,"          Метод P/Invoke ""getpeername"" разрешен как ""getpeername!ws2_32.dll"" из ""SupportedAPIs.xml""."
"Message",Normal,"          Метод P/Invoke ""WSAStartup"" разрешен как ""WSAStartup!ws2_32.dll"" из ""SupportedAPIs.xml""."
"Message",Normal,"          Метод P/Invoke ""select"" разрешен как ""select!ws2_32.dll"" из ""SupportedAPIs.xml""."
"Message",Normal,"          Метод P/Invoke ""select"" разрешен как ""select!ws2_32.dll"" из ""SupportedAPIs.xml""."
"Message",Normal,"          Метод P/Invoke ""ioctlsocket"" разрешен как ""ioctlsocket!ws2_32.dll"" из ""SupportedAPIs.xml""."
"Message",Normal,"          Метод P/Invoke ""shutdown"" разрешен как ""shutdown!ws2_32.dll"" из ""SupportedAPIs.xml""."
"Message",Normal,"          Метод P/Invoke ""setsockopt"" разрешен как ""setsockopt!ws2_32.dll"" из ""SupportedAPIs.xml""."
"Message",Normal,"          Метод P/Invoke ""recv"" разрешен как ""recv!ws2_32.dll"" из ""SupportedAPIs.xml""."
"Message",Normal,"          Метод P/Invoke ""WSAIoctl"" разрешен как ""WSAIoctl!ws2_32.dll"" из ""SupportedAPIs.xml""."
"Message",Normal,"          Метод P/Invoke ""RevertToSelf"" разрешен как ""RevertToSelf!advapi32.dll"" из ""SupportedAPIs.xml""."
"Message",Normal,"          Метод P/Invoke ""ImpersonateLoggedOnUser"" разрешен как ""ImpersonateLoggedOnUser!advapi32.dll"" из ""SupportedAPIs.xml""."
"Message",Normal,"          Метод P/Invoke ""GetAddrInfoW"" разрешен как ""GetAddrInfoW!ws2_32.dll"" из ""SupportedAPIs.xml""."
"Message",Normal,"          Метод P/Invoke ""WSASocketW"" разрешен как ""WSASocketW!ws2_32.dll"" из ""SupportedAPIs.xml""."
"Message",Normal,"          Метод P/Invoke ""closesocket"" разрешен как ""closesocket!ws2_32.dll"" из ""SupportedAPIs.xml""."
"Message",Normal,"          Метод P/Invoke ""WSASocketW"" разрешен как ""WSASocketW!ws2_32.dll"" из ""SupportedAPIs.xml""."
"Message",Normal,"          Метод P/Invoke ""WSAConnect"" разрешен как ""WSAConnect!ws2_32.dll"" из ""SupportedAPIs.xml""."
"Message",Normal,"          Метод P/Invoke ""listen"" разрешен как ""listen!ws2_32.dll"" из ""SupportedAPIs.xml""."
"Message",Normal,"          Метод P/Invoke ""GetCurrentThread"" разрешен как ""GetCurrentThread!kernel32.dll"" из ""SupportedAPIs.xml""."
"Message",Normal,"          Метод P/Invoke ""OpenThreadToken"" разрешен как ""OpenThreadToken!advapi32.dll"" из ""SupportedAPIs.xml""."
"Message",Normal,"          Метод P/Invoke ""GetCurrentProcess"" разрешен как ""GetCurrentProcess!kernel32.dll"" из ""SupportedAPIs.xml""."
"Message",Normal,"          Метод P/Invoke ""OpenProcessToken"" разрешен как ""OpenProcessToken!advapi32.dll"" из ""SupportedAPIs.xml""."
"Message",Normal,"          Метод P/Invoke ""bind"" разрешен как ""bind!ws2_32.dll"" из ""SupportedAPIs.xml""."
"Message",Normal,"          Метод P/Invoke ""getsockopt"" разрешен как ""getsockopt!ws2_32.dll"" из ""SupportedAPIs.xml""."
"Message",Normal,"          Метод P/Invoke ""send"" разрешен как ""send!ws2_32.dll"" из ""SupportedAPIs.xml""."
"Message",Normal,"          Метод P/Invoke ""CloseHandle"" разрешен как ""CloseHandle!kernel32.dll"" из ""SupportedAPIs.xml""."
"Message",Normal,"          Метод P/Invoke ""freeaddrinfo"" разрешен как ""freeaddrinfo!ws2_32.dll"" из ""SupportedAPIs.xml""."
"Message",Normal,"          Метод P/Invoke ""FreeAddrInfoExW"" разрешен как ""FreeAddrInfoExW!ws2_32.dll"" из ""SupportedAPIs.xml""."
"Message",Normal,"          Метод P/Invoke ""WSASocketW"" разрешен как ""WSASocketW!ws2_32.dll"" из ""SupportedAPIs.xml""."
"Message",Normal,"          Метод P/Invoke ""closesocket"" разрешен как ""closesocket!ws2_32.dll"" из ""SupportedAPIs.xml""."
"Message",Normal,"          Метод P/Invoke ""gethostname"" разрешен как ""gethostname!ws2_32.dll"" из ""SupportedAPIs.xml""."
"Message",Normal,"          Метод P/Invoke ""getsockopt"" разрешен как ""getsockopt!ws2_32.dll"" из ""SupportedAPIs.xml""."
"Message",Normal,"          Метод P/Invoke ""getsockopt"" разрешен как ""getsockopt!ws2_32.dll"" из ""SupportedAPIs.xml""."
"Message",Normal,"          Метод P/Invoke ""getsockopt"" разрешен как ""getsockopt!ws2_32.dll"" из ""SupportedAPIs.xml""."
"Message",Normal,"          Метод P/Invoke ""ioctlsocket"" разрешен как ""ioctlsocket!ws2_32.dll"" из ""SupportedAPIs.xml""."
"Message",Normal,"          Метод P/Invoke ""setsockopt"" разрешен как ""setsockopt!ws2_32.dll"" из ""SupportedAPIs.xml""."
"Message",Normal,"          Метод P/Invoke ""LsaGetLogonSessionData"" разрешен как ""LsaGetLogonSessionData!sspicli.dll"" из ""SupportedAPIs.xml""."
"Message",Normal,"          Метод P/Invoke ""LsaNtStatusToWinError"" разрешен как ""LsaNtStatusToWinError!advapi32.dll"" из ""SupportedAPIs.xml""."
"Message",Normal,"          Метод P/Invoke ""DuplicateTokenEx"" разрешен как ""DuplicateTokenEx!advapi32.dll"" из ""SupportedAPIs.xml""."
"Message",Normal,"          Метод P/Invoke ""CheckTokenMembershipEx"" разрешен как ""CheckTokenMembershipEx!kernel32.dll"" из ""SupportedAPIs.xml""."
"Message",Normal,"          Метод P/Invoke ""LsaFreeReturnBuffer"" разрешен как ""LsaFreeReturnBuffer!sspicli.dll"" из ""SupportedAPIs.xml""."
"Message",Normal,"          Метод P/Invoke ""accept"" разрешен как ""accept!ws2_32.dll"" из ""SupportedAPIs.xml""."
"Message",Normal,"          Метод P/Invoke ""GetAddrInfoExW"" разрешен как ""GetAddrInfoExW!ws2_32.dll"" из ""SupportedAPIs.xml""."
"Message",Normal,"          Метод P/Invoke ""WSARecv"" разрешен как ""WSARecv!ws2_32.dll"" из ""SupportedAPIs.xml""."
"Message",Normal,"          Метод P/Invoke ""WSASend"" разрешен как ""WSASend!ws2_32.dll"" из ""SupportedAPIs.xml""."
"Message",Normal,"          Метод P/Invoke ""GetTokenInformation"" разрешен как ""GetTokenInformation!advapi32.dll"" из ""SupportedAPIs.xml""."
"Message",Normal,"          Метод P/Invoke ""LocalAlloc"" разрешен как ""LocalAlloc!kernel32.dll"" из ""SupportedAPIs.xml""."
"Message",Normal,"          Метод P/Invoke ""LocalFree"" разрешен как ""LocalFree!kernel32.dll"" из ""SupportedAPIs.xml""."
"Message",Normal,"          Метод P/Invoke ""GetNameInfoW"" разрешен как ""GetNameInfoW!ws2_32.dll"" из ""SupportedAPIs.xml""."
"Message",Normal,"          Метод P/Invoke ""GetTokenInformation"" разрешен как ""GetTokenInformation!advapi32.dll"" из ""SupportedAPIs.xml""."
"Message",Normal,"          Метод P/Invoke ""DuplicateHandle"" разрешен как ""DuplicateHandle!kernel32.dll"" из ""SupportedAPIs.xml""."
"Message",Normal,"          Метод P/Invoke ""CertVerifyCertificateChainPolicy"" разрешен как ""CertVerifyCertificateChainPolicy!crypt32.dll"" из ""SupportedAPIs.xml""."
"Message",Normal,"          Метод P/Invoke ""LsaLookupSids"" разрешен как ""LsaLookupSids!advapi32.dll"" из ""SupportedAPIs.xml""."
"Message",Normal,"          Метод P/Invoke ""LsaLookupNames2"" разрешен как ""LsaLookupNames2!advapi32.dll"" из ""SupportedAPIs.xml""."
"Message",Normal,"          Метод P/Invoke ""CertEnumCertificatesInStore"" разрешен как ""CertEnumCertificatesInStore!crypt32.dll"" из ""SupportedAPIs.xml""."
"Message",Normal,"          Метод P/Invoke ""SetFileCompletionNotificationModes"" разрешен как ""SetFileCompletionNotificationModes!kernel32.dll"" из ""SupportedAPIs.xml""."
"Message",Normal,"          Метод P/Invoke ""LsaOpenPolicy"" разрешен как ""LsaOpenPolicy!advapi32.dll"" из ""SupportedAPIs.xml""."
"Message",Normal,"          Метод P/Invoke ""LsaClose"" разрешен как ""LsaClose!advapi32.dll"" из ""SupportedAPIs.xml""."
"Message",Normal,"          Метод P/Invoke ""LsaFreeMemory"" разрешен как ""LsaFreeMemory!advapi32.dll"" из ""SupportedAPIs.xml""."
"Message",Normal,"          Метод P/Invoke ""CertFreeCertificateContext"" разрешен как ""CertFreeCertificateContext!crypt32.dll"" из ""SupportedAPIs.xml""."
"Message",Normal,"          Метод P/Invoke ""EncryptMessage"" разрешен как ""EncryptMessage!sspicli.dll"" из ""SupportedAPIs.xml""."
"Message",Normal,"          Метод P/Invoke ""DecryptMessage"" разрешен как ""DecryptMessage!sspicli.dll"" из ""SupportedAPIs.xml""."
"Message",Normal,"          Метод P/Invoke ""EnumerateSecurityPackagesW"" разрешен как ""EnumerateSecurityPackagesW!sspicli.dll"" из ""SupportedAPIs.xml""."
"Message",Normal,"          Метод P/Invoke ""QueryContextAttributesW"" разрешен как ""QueryContextAttributesW!sspicli.dll"" из ""SupportedAPIs.xml""."
"Message",Normal,"          Метод P/Invoke ""ApplyControlToken"" разрешен как ""ApplyControlToken!sspicli.dll"" из ""SupportedAPIs.xml""."
"Message",Normal,"          Метод P/Invoke ""FreeContextBuffer"" разрешен как ""FreeContextBuffer!sspicli.dll"" из ""SupportedAPIs.xml""."
"Message",Normal,"          Метод P/Invoke ""AcceptSecurityContext"" разрешен как ""AcceptSecurityContext!sspicli.dll"" из ""SupportedAPIs.xml""."
"Message",Normal,"          Метод P/Invoke ""DeleteSecurityContext"" разрешен как ""DeleteSecurityContext!sspicli.dll"" из ""SupportedAPIs.xml""."
"Message",Normal,"          Метод P/Invoke ""InitializeSecurityContextW"" разрешен как ""InitializeSecurityContextW!sspicli.dll"" из ""SupportedAPIs.xml""."
"Message",Normal,"          Метод P/Invoke ""AcquireCredentialsHandleW"" разрешен как ""AcquireCredentialsHandleW!sspicli.dll"" из ""SupportedAPIs.xml""."
"Message",Normal,"          Метод P/Invoke ""FreeCredentialsHandle"" разрешен как ""FreeCredentialsHandle!sspicli.dll"" из ""SupportedAPIs.xml""."
"Message",High,"  Идет создание кода..."
"Message",High,"  Создан код взаимодействия."
"Message",Normal,"  Код записан в AssemblyInfo.g.cs"
"Message",Normal,"  Код записан в Adapters.g.cs"
"Message",Normal,"  Код записан в Data.g.cs"
"Message",Normal,"  Код записан в Helpers.g.cs"
"Message",Normal,"  Код записан в ImplTypes.g.cs"
"Message",Normal,"  Код записан в PInvoke.g.cs"
"Message",Normal,"  Код записан в SafeTypes.g.cs"
"Message",Normal,"  Код записан в SharedStubs.g.cs"
"Message",Normal,"Выполняется преобразование ""GenerateCodeAndCompile"", размер кучи — 261 МБ."
"Message",High,"Идет компиляция кода взаимодействия."
"Message",Normal,"Компиляция созданного исходного кода: C:\Program Files (x86)\Microsoft SDKs\UWPNuGetPackages\microsoft.net.native.compiler\2.2.10-rel-29722-00\tools\csc\csc.exe /noconfig @""D:\ukw\semestr 4\Technologie mobilne i rozproszone\waluty\obj\x86\Release\ilc\intermediate\waluty.McgInterop.rsp"""
"Message",High,"Идет создания кода прокси-сервера System.Reflection.DispatchProxy."
"Message",Normal,"Выполняется преобразование ""ReducedCopyInitialize"", размер кучи — 261 МБ."
"Message",Normal,"Выполняется преобразование ""ReducedCopyEmptyTypes"", размер кучи — 205 МБ."
"Message",Normal,"Выполняется преобразование ""ReducedCopyPopulateTypes"", размер кучи — 208 МБ."
"Message",Normal,"Выполняется преобразование ""ReducedCopyLateMetadata"", размер кучи — 210 МБ."
"Message",Normal,"Выполняется преобразование ""ReducedCopyPassResourcesToMutableAssembly"", размер кучи — 227 МБ."
"Message",Normal,"Выполняется преобразование ""ReducedCopyMethodBodies"", размер кучи — 228 МБ."
"Message",Normal,"Выполняется преобразование ""ReducedCopyComplete"", размер кучи — 257 МБ."
"Message",Normal,"Выполняется преобразование ""ReducedCopyCleanup"", размер кучи — 264 МБ."
"Message",Normal,"Выполняется преобразование ""DeveloperExperienceModeOnlyCodeRemover"", размер кучи — 264 МБ."
"Message",Normal,"Выполняется преобразование ""ComImportDetector"", размер кучи — 264 МБ."
"Message",Normal,"Выполняется преобразование ""McgAccessor"", размер кучи — 264 МБ."
"Message",Normal,"Выполняется преобразование ""McgRedirect"", размер кучи — 265 МБ."
"Message",Normal,"Выполняется преобразование ""McgRedirect"", размер кучи — 269 МБ."
"Message",Normal,"Выполняется преобразование ""McgTypeOf"", размер кучи — 270 МБ."
"Message",Normal,"Выполняется преобразование ""EventSource"", размер кучи — 276 МБ."
"Message",Normal,"Выполняется преобразование ""ValueType"", размер кучи — 276 МБ."
"Message",Normal,"Выполняется преобразование ""Attribute"", размер кучи — 276 МБ."
"Message",Normal,"Выполняется преобразование ""GetType"", размер кучи — 276 МБ."
"Message",Normal,"Выполняется преобразование ""McgFixups"", размер кучи — 277 МБ."
"Message",Normal,"Выполняется преобразование ""ResourceManagerCtor"", размер кучи — 278 МБ."
"Message",Normal,"Выполняется преобразование ""TypeofTypeHandle"", размер кучи — 278 МБ."
"Message",Normal,"Выполняется преобразование ""DispatchProxyIntrinsics"", размер кучи — 282 МБ."
"Message",Normal,"Выполняется преобразование ""StaticInitData"", размер кучи — 282 МБ."
"Message",Normal,"Выполняется преобразование ""Delegate"", размер кучи — 291 МБ."
"Message",Normal,"Выполняется преобразование ""LazyGenerics"", размер кучи — 292 МБ."
"Message",Normal,"Выполняется преобразование ""AddReflectionBlockedAttributes"", размер кучи — 306 МБ."
"Message",Normal,"Выполняется преобразование ""DisableOptimization"", размер кучи — 307 МБ."
"Message",Normal,"Выполняется преобразование ""ResourceExtractor"", размер кучи — 307 МБ."
"Message",Normal,"Выполняется преобразование ""CreateMetadata"", размер кучи — 307 МБ."
"Message",Normal,"Выполняется преобразование ""StartupCodeInjector"", размер кучи — 321 МБ."
"Message",Normal,"Выполняется преобразование ""SaveRVAStatics"", размер кучи — 322 МБ."
"Message",Normal,"Выполняется преобразование ""ReflectionInvoke"", размер кучи — 322 МБ."
"Message",Normal,"Выполняется преобразование ""ScrubOpenCalls"", размер кучи — 323 МБ."
"Message",Normal,"Выполняется преобразование ""ConvertCatchIntoFilter"", размер кучи — 323 МБ."
"Message",Normal,"Выполняется преобразование ""ReflectionMappingInfoEmit"", размер кучи — 323 МБ."
"Message",Normal,"Выполняется преобразование ""ReflectionIntrinsics"", размер кучи — 324 МБ."
"Message",Normal,"Выполняется преобразование ""ConvertManagedWinMD"", размер кучи — 324 МБ."
"Message",Normal,"Выполняется преобразование ""DebuggerGuidedStepThroughJmc"", размер кучи — 324 МБ."
"Message",Normal,"Выполняется преобразование ""Reducer"", размер кучи — 327 МБ."
"Message",High,"Очистка кода без ссылок"
"Message",Normal,"Выполняется преобразование ""WriteAssemblies"", размер кучи — 328 МБ."
"Message",Normal,""
"Message",Normal,"Сводка преобразования"
"Message",Normal,"    мс | разностный файл кучи | имя"
"Message",Normal,"  6417 |         77 | Analysis"
"Message",Normal,"  1468 |          0 | GenerateCodeAndCompile"
"Message",Normal,"   917 |         53 | WriteAssemblies"
"Message",Normal,"   743 |          1 | Reducer"
"Message",Normal,"   641 |         28 | Mcg"
"Message",Normal,"   457 |        -56 | ReducedCopyInitialize"
"Message",Normal,"   325 |          7 | ReducedCopyComplete"
"Message",Normal,"   147 |         29 | ReducedCopyMethodBodies"
"Message",Normal,"   142 |         15 | DumpNativeResources"
"Message",Normal,"   140 |          2 | ReducedCopyPopulateTypes"
"Message",Normal,"   112 |         14 | CreateMetadata"
"Message",Normal,"    80 |         14 | LazyGenerics"
"Message",Normal,"    76 |         17 | ReducedCopyLateMetadata"
"Message",Normal,"    65 |          6 | McgTypeOf"
"Message",Normal,"    61 |          0 | ResourceExtractor"
"Message",Normal,"    58 |          4 | McgRedirect"
"Message",Normal,"    52 |          9 | StaticInitData"
"Message",Normal,"    36 |          1 | McgRedirect"
"Message",Normal,"    34 |          4 | TypeofTypeHandle"
"Message",Normal,"    22 |          0 | SaveRVAStatics"
"Message",Normal,"    14 |          1 | GetType"
"Message",Normal,"    13 |          3 | ReducedCopyEmptyTypes"
"Message",Normal,"    10 |          3 | DebuggerGuidedStepThroughJmc"
"Message",Normal,"     7 |          0 | ScrubOpenCalls"
"Message",Normal,"     7 |          0 | DispatchProxyIntrinsics"
"Message",Normal,"     6 |          0 | ReflectionIntrinsics"
"Message",Normal,"     6 |          1 | McgFixups"
"Message",Normal,"     5 |          1 | McgAccessor"
"Message",Normal,"     4 |          1 | ReflectionInvoke"
"Message",Normal,"     4 |          1 | Delegate"
"Message",Normal,"     3 |          0 | ConvertCatchIntoFilter"
"Message",Normal,"     2 |          1 | ReducedCopyPassResourcesToMutableAssembly"
"Message",Normal,"     2 |          0 | Attribute"
"Message",Normal,"     2 |          0 | EventSource"
"Message",Normal,"     1 |          1 | AddReflectionBlockedAttributes"
"Message",Normal,"     1 |          0 | ReducedCopyCleanup"
"Message",Normal,"     1 |          1 | ReflectionMappingInfoEmit"
"Message",Normal,"     1 |          0 | ValueType"
"Message",Normal,"     0 |          0 | ComImportDetector"
"Message",Normal,"     0 |          0 | DeveloperExperienceModeOnlyCodeRemover"
"Message",Normal,"     0 |          1 | StartupCodeInjector"
"Message",Normal,"     0 |          0 | ResourceManagerCtor"
"Message",Normal,"     0 |          0 | ConvertManagedWinMD"
"Message",Normal,"     0 |          0 | DisableOptimization"
"Message",Low,"Выполнение задачи ""RunILTransforms"" завершено."
"Message",Low,"Сборка целевого объекта ""RunILTransforms"" в файле ""ILTransforms"" завершена."
"Message",Low,"Сборка проекта ""ILTransforms"" завершена."
"Message",Low,""
"Message",Low,""
"Message",Low,"Сборка целевого объекта ""GenerateMDIL"" в файле ""Nutc"" завершена."
"Message",Low,""
"Message",High,"Создание машинного кода"
"Message",Low,"Сборка целевого объекта ""MDILPrepareMultiFile"" в файле ""Nutc"" завершена."
"Message",Low,""
"Message",Low,"Сборка целевого объекта ""SetBinaryForReferences"" в файле ""Nutc"" завершена."
"Message",Low,""
"Message",Low,"Задача ""GenerateMDILGlobalAnalysis"""
"Message",Normal,"Идет запуск ""C:\Program Files (x86)\Microsoft SDKs\UWPNuGetPackages\runtime.win10-x86.microsoft.net.native.compiler\2.2.10-rel-29722-00\tools\x86\ilc\Tools\nutc_driver.exe @""D:\ukw\semestr 4\Technologie mobilne i rozproszone\waluty\obj\x86\Release\ilc\intermediate\MDIL\waluty.rsp""""."
"Message",Low,"Microsoft (R) MDIL Compiler - Version 2.2.29722.00"
"Message",Low,"Copyright (c) Microsoft Corporation.  All rights reserved."
"Message",Low,"Сканирование входных типов"
"Message",Low,"Сканирование методов: 3525."
"Message",Low,"Сканирование методов: 5023."
"Message",Low,"Сканирование методов: 3131."
"Message",Low,"Сканирование методов: 2147."
"Message",Low,"Сканирование методов: 1667."
"Message",Low,"Сканирование методов: 1429."
"Message",Low,"Сканирование методов: 801."
"Message",Low,"Сканирование методов: 783."
"Message",Low,"Сканирование методов: 784."
"Message",Low,"Сканирование методов: 664."
"Message",Low,"Сканирование методов: 534."
"Message",Low,"Сканирование методов: 469."
"Message",Low,"Сканирование методов: 351."
"Message",Low,"Сканирование методов: 338."
"Message",Low,"Сканирование методов: 251."
"Message",Low,"Сканирование методов: 113."
"Message",Low,"Сканирование методов: 55."
"Message",Low,"Сканирование методов: 80."
"Message",Low,"Сканирование методов: 60."
"Message",Low,"Сканирование методов: 33."
"Message",Low,"Сканирование методов: 6."
"Message",Low,"Неотложное создание кода"
"Message",Low,"Компиляция методов: 22244."
"Message",Low,"Отложенное создание кода"
"Message",Low,"Вызов управляемого метода Initialize завершился успешно; код завершения: 0 при создании CTL.Статистика метаданных трассировки стека"
"Message",Low,"Количество вызовов методов:   12305"
"Message",Low,"Размер BLOB-объекта метаданных:          311350"
"Message",Low,"Метод RVA — размер карты токенов: 98440"
"Message",Low,"Общий размер в собственном формате:           409790"
"Message",Low,"Успешно создан: ""D:\ukw\semestr 4\Technologie mobilne i rozproszone\waluty\obj\x86\Release\ilc\intermediate\MDIL\waluty.mdilexe"""
"Message",Low,"Успешно создан: ""D:\ukw\semestr 4\Technologie mobilne i rozproszone\waluty\obj\x86\Release\ilc\intermediate\MDIL\waluty.mdilpdb"""
"Message",Low,"Компилируется в код MDIL."
"Message",Normal,"Задача ""C:\Program Files (x86)\Microsoft SDKs\UWPNuGetPackages\runtime.win10-x86.microsoft.net.native.compiler\2.2.10-rel-29722-00\tools\x86\ilc\Tools\nutc_driver.exe @""D:\ukw\semestr 4\Technologie mobilne i rozproszone\waluty\obj\x86\Release\ilc\intermediate\MDIL\waluty.rsp"""" завершена."
"Message",Normal,"Статистика выполнения процессов (все значения в миллисекундах)"
"Message",Normal,"-----------------------------------------------------------------------------"
"Message",Normal,"запустить  |  начать   |   остановить   |   завершить    | длительность | время существования | имя [слот]"
"Message",Normal,"-----------------------------------------------------------------------------"
"Message",Normal,"       0 |       16 |    10157 |    10157 |    10141 |    10157 | [0] Nutc GlobalAnalysis"
"Message",Normal,"Число команд:      1"
"Message",Normal,"Общее системное время:       10157 мс"
"Message",Normal,"Системное время на команду: 10157 мс"
"Message",Normal,"Общая длительность:          10141 мс"
"Message",Normal,"Общее время жизни:          10157 мс"
"Message",Normal,"Запрошенный DOP:           16"
"Message",Normal,"Длительность DOP:            1,0"
"Message",Normal,"Время жизни DOP:            1,0"
"Message",Low,"Выполнение задачи ""GenerateMDILGlobalAnalysis"" завершено."
"Message",Low,"Сборка целевого объекта ""GenerateMDILGlobalAnalysis"" в файле ""Nutc"" завершена."
"Message",Low,""
"Message",Low,"Задача ""rc"""
"Message",Normal,"Идет запуск ""C:\Program Files (x86)\Windows Kits\10\bin\10.0.19041.0\x64\rc.exe /c ""65001"" /r /fo ""D:\ukw\semestr 4\Technologie mobilne i rozproszone\waluty\obj\x86\Release\ilc\intermediate\BuildInfo\BuildInfo.res"" ""D:\ukw\semestr 4\Technologie mobilne i rozproszone\waluty\obj\x86\Release\ilc\intermediate\BuildInfo\BuildInfo.rc""""."
"Message",Low,"Microsoft (R) Windows (R) Resource Compiler Version 10.0.10011.16384"
"Message",Low,"Copyright (C) Microsoft Corporation.  All rights reserved."
"Message",Normal,"Задача ""C:\Program Files (x86)\Windows Kits\10\bin\10.0.19041.0\x64\rc.exe /c ""65001"" /r /fo ""D:\ukw\semestr 4\Technologie mobilne i rozproszone\waluty\obj\x86\Release\ilc\intermediate\BuildInfo\BuildInfo.res"" ""D:\ukw\semestr 4\Technologie mobilne i rozproszone\waluty\obj\x86\Release\ilc\intermediate\BuildInfo\BuildInfo.rc"""" завершена."
"Message",Normal,"Статистика выполнения процессов (все значения в миллисекундах)"
"Message",Normal,"-----------------------------------------------------------------------------"
"Message",Normal,"запустить  |  начать   |   остановить   |   завершить    | длительность | время существования | имя [слот]"
"Message",Normal,"-----------------------------------------------------------------------------"
"Message",Normal,"       0 |       47 |       62 |       62 |       15 |       62 | [0] rc"
"Message",Normal,"Число команд:      1"
"Message",Normal,"Общее системное время:       62 мс"
"Message",Normal,"Системное время на команду: 62 мс"
"Message",Normal,"Общая длительность:          15 мс"
"Message",Normal,"Общее время жизни:          62 мс"
"Message",Normal,"Запрошенный DOP:           16"
"Message",Normal,"Длительность DOP:            0,2"
"Message",Normal,"Время жизни DOP:            1,0"
"Message",Low,"Выполнение задачи ""rc"" завершено."
"Message",Low,"Задача ""ResourceBinaryConcatenate"""
"Message",Normal,"Идет объединение ""D:\ukw\semestr 4\Technologie mobilne i rozproszone\waluty\obj\x86\Release\ilc\intermediate\Native.res"" с выравниванием ""4""."
"Message",Normal," Добавлено ""D:\ukw\semestr 4\Technologie mobilne i rozproszone\waluty\obj\x86\Release\ilc\intermediate\ILTransformed\waluty.res"" в смещении 0."
"Message",Normal," Добавлено ""D:\ukw\semestr 4\Technologie mobilne i rozproszone\waluty\obj\x86\Release\ilc\intermediate\BuildInfo\BuildInfo.res"" в смещении 1368."
"Message",Low,"Выполнение задачи ""ResourceBinaryConcatenate"" завершено."
"Message",Low,"Сборка целевого объекта ""GenerateBuildInfo"" в файле ""Nutc"" завершена."
"Message",Low,"Сборка проекта ""Nutc"" завершена."
"Message",Low,""
"Message",Low,""
"Message",Low,"Сборка целевого объекта ""MDILBindPrepare"" в файле ""Binder"" завершена."
"Message",Low,""
"Message",High,"Создание исправлений для машинного кода"
"Message",Low,"Задача ""MDILBind"""
"Message",Normal,"Идет запуск ""C:\Program Files (x86)\Microsoft SDKs\UWPNuGetPackages\runtime.win10-x86.microsoft.net.native.compiler\2.2.10-rel-29722-00\tools\x86\ilc\Tools\rhbind.exe @""D:\ukw\semestr 4\Technologie mobilne i rozproszone\waluty\obj\x86\Release\ilc\intermediate\rhbindargs.waluty.rsp""""."
"Message",Low,"ВЕРСИЯ ОС: основная: 6;  дополнительная: 2"
"Message",Low,"MDIL: D:\ukw\semestr 4\Technologie mobilne i rozproszone\waluty\obj\x86\Release\ilc\intermediate\MDIL\waluty.mdilexe"
"Message",Low,"MDILPDB: D:\ukw\semestr 4\Technologie mobilne i rozproszone\waluty\obj\x86\Release\ilc\intermediate\MDIL\waluty.mdilpdb"
"Message",Low,"IL: D:\ukw\semestr 4\Technologie mobilne i rozproszone\waluty\obj\x86\Release\ilc\intermediate\MDIL\waluty.ilexe"
"Message",Low,"NI: D:\ukw\semestr 4\Technologie mobilne i rozproszone\waluty\obj\x86\Release\ilc\intermediate\Native\waluty.dll"
"Message",Low,"SHIM: D:\ukw\semestr 4\Technologie mobilne i rozproszone\waluty\obj\x86\Release\ilc\intermediate\Native\waluty.exe"
"Message",Low,"REDHAWK_RUNTIME_DLL_NAME_A=mrt100_app.dll"
"Message",Low,"pdb: D:\ukw\semestr 4\Technologie mobilne i rozproszone\waluty\obj\x86\Release\ilc\intermediate\Native\waluty.pdb"
"Message",Low,"Создано: D:\ukw\semestr 4\Technologie mobilne i rozproszone\waluty\obj\x86\Release\ilc\intermediate\Native\waluty.dll за 0.957 с"
"Message",Normal,"Задача ""C:\Program Files (x86)\Microsoft SDKs\UWPNuGetPackages\runtime.win10-x86.microsoft.net.native.compiler\2.2.10-rel-29722-00\tools\x86\ilc\Tools\rhbind.exe @""D:\ukw\semestr 4\Technologie mobilne i rozproszone\waluty\obj\x86\Release\ilc\intermediate\rhbindargs.waluty.rsp"""" завершена."
"Message",Normal,"Статистика выполнения процессов (все значения в миллисекундах)"
"Message",Normal,"-----------------------------------------------------------------------------"
"Message",Normal,"запустить  |  начать   |   остановить   |   завершить    | длительность | время существования | имя [слот]"
"Message",Normal,"-----------------------------------------------------------------------------"
"Message",Normal,"       0 |       16 |     1000 |     1000 |      984 |     1000 | [0] rhbind waluty"
"Message",Normal,"Число команд:      1"
"Message",Normal,"Общее системное время:       1000 мс"
"Message",Normal,"Системное время на команду: 1000 мс"
"Message",Normal,"Общая длительность:          984 мс"
"Message",Normal,"Общее время жизни:          1000 мс"
"Message",Normal,"Запрошенный DOP:           16"
"Message",Normal,"Длительность DOP:            1,0"
"Message",Normal,"Время жизни DOP:            1,0"
"Message",Low,"Выполнение задачи ""MDILBind"" завершено."
"Message",Low,"Сборка целевого объекта ""MDILBind"" в файле ""Binder"" завершена."
"Message",Low,"Сборка проекта ""Binder"" завершена."
"Message",Low,""
"Message",Low,""
"Message",Low,"Сборка целевого объекта ""CopyNativeExecutablesToOutput"" в файле ""Deployment"" завершена."
"Message",Low,""
"Message",Low,"Задача ""TransformAppxManifest"""
"Message",Low,"Выполнение задачи ""TransformAppxManifest"" завершено."
"Message",Low,"Сборка целевого объекта ""TransformAppxManifestAndAddCrt"" в файле ""Deployment"" завершена."
"Message",Low,""
"Message",Low,"Сборка целевого объекта ""CopyPackageResourceFileInRetailBuild"" в файле ""Deployment"" завершена."
"Message",Low,"Сборка проекта ""Deployment"" завершена."
"Message",Low,"Компиляция выполнена"
